Name,ID,Mobile URL,Image URL,Image URL Hi,Price,Sale Price,New Item,Position,Category Name,Description,Colors,Mobile URL Colors,Sizes,Stock Levels
Backpack,8856,https://www.supremenewyork.com/mobile/#products/8856,https://d17ol771963kd3.cloudfront.net/247174/ca/bUyu4-Ypoqs.jpg,https://assets.supremenewyork.com/247174/rc/bUyu4-Ypoqs.jpg,24200.00,0.00,False,64,Bags,Water resistant Cordura® recycled nylon with embossed logo lining. Main zip compartment with single layer laptop sleeve. Front zip compartment with interior velcro mesh pocket. Additional front zip pockets and elastic mesh side pockets. Padded mesh back panel and adjustable shoulder straps with buckle closure. Woven logo webbing at straps and front with webbing handle. Woven logo label at lower front. 22L. ,"Silver,Red,Olive,Black","'https://www.supremenewyork.com/mobile/#products/8856/32942', 'https://www.supremenewyork.com/mobile/#products/8856/32943', 'https://www.supremenewyork.com/mobile/#products/8856/32944', 'https://www.supremenewyork.com/mobile/#products/8856/32945'",N/A,"0, 'END OF STOCK FOR Silver', 0, 'END OF STOCK FOR Red', 1, 'END OF STOCK FOR Olive', 0, 'END OF STOCK FOR Black'"
Large Haul Tote,8899,https://www.supremenewyork.com/mobile/#products/8899,https://d17ol771963kd3.cloudfront.net/247147/ca/SvcqKbLfKfk.jpg,https://assets.supremenewyork.com/247147/rc/SvcqKbLfKfk.jpg,20900.00,0.00,False,65,Bags,Water resistant Cordura® recycled nylon with embossed logo lining. Open top main compartment with buckle closure. Additional pouch pocket at front. Adjustable shoulder strap and woven logo webbing handles at top and sides. Compression straps at sides. Woven logo label at front. 34 x 65 x 38 cm 80L.,"Red,Silver,Black,Olive","'https://www.supremenewyork.com/mobile/#products/8899/33125', 'https://www.supremenewyork.com/mobile/#products/8899/33126', 'https://www.supremenewyork.com/mobile/#products/8899/33127', 'https://www.supremenewyork.com/mobile/#products/8899/33128'",N/A,"0, 'END OF STOCK FOR Red', 0, 'END OF STOCK FOR Silver', 1, 'END OF STOCK FOR Black', 1, 'END OF STOCK FOR Olive'"
Duffle Bag,8895,https://www.supremenewyork.com/mobile/#products/8895,https://d17ol771963kd3.cloudfront.net/247202/ca/c8TEMNnGcPI.jpg,https://assets.supremenewyork.com/247202/rc/c8TEMNnGcPI.jpg,22000.00,0.00,False,66,Bags,Water resistant Cordura® recycled nylon with embossed logo lining. Main zip compartment with interior zip pocket. Zip cargo pockets at front and zip stash pocket at back. Adjustable shoulder strap. Woven logo webbing with webbing handles at top. Woven logo label at front. 39L.,"Black,Red,Olive,Silver","'https://www.supremenewyork.com/mobile/#products/8895/33111', 'https://www.supremenewyork.com/mobile/#products/8895/33112', 'https://www.supremenewyork.com/mobile/#products/8895/33113', 'https://www.supremenewyork.com/mobile/#products/8895/33114'",N/A,"0, 'END OF STOCK FOR Black', 0, 'END OF STOCK FOR Red', 0, 'END OF STOCK FOR Olive', 0, 'END OF STOCK FOR Silver'"
Shoulder Bag,8888,https://www.supremenewyork.com/mobile/#products/8888,https://d17ol771963kd3.cloudfront.net/247139/ca/3pvpGtOaNBs.jpg,https://assets.supremenewyork.com/247139/rc/3pvpGtOaNBs.jpg,8800.00,0.00,False,67,Bags,Water resistant Cordura® recycled nylon with embossed logo lining. Main zip compartment with interior velcro mesh pocket. Additional front zip pocket with interior hanging key clip. Adjustable woven logo webbing shoulder strap. Woven logo webbing at front zip pocket. 2.5L,"Olive,Silver,Black,Red","'https://www.supremenewyork.com/mobile/#products/8888/33080', 'https://www.supremenewyork.com/mobile/#products/8888/33081', 'https://www.supremenewyork.com/mobile/#products/8888/33082', 'https://www.supremenewyork.com/mobile/#products/8888/33083'",N/A,"0, 'END OF STOCK FOR Olive', 0, 'END OF STOCK FOR Silver', 0, 'END OF STOCK FOR Black', 0, 'END OF STOCK FOR Red'"
Small Waist Bag,8860,https://www.supremenewyork.com/mobile/#products/8860,https://d17ol771963kd3.cloudfront.net/247183/ca/3KJij_hFGmg.jpg,https://assets.supremenewyork.com/247183/rc/3KJij_hFGmg.jpg,7700.00,0.00,False,68,Bags,Water resistant Cordura® recycled nylon with embossed logo lining. Main zip compartment with interior velcro mesh pocket. Adjustable woven logo webbing waist strap with buckle closure. Woven logo label at front zip pocket. 1L.,"Silver,Black,Olive,Red","'https://www.supremenewyork.com/mobile/#products/8860/32964', 'https://www.supremenewyork.com/mobile/#products/8860/32965', 'https://www.supremenewyork.com/mobile/#products/8860/32966', 'https://www.supremenewyork.com/mobile/#products/8860/32967'",N/A,"0, 'END OF STOCK FOR Silver', 0, 'END OF STOCK FOR Black', 0, 'END OF STOCK FOR Olive', 0, 'END OF STOCK FOR Red'"
Organizer Pouch Set,8891,https://www.supremenewyork.com/mobile/#products/8891,https://d17ol771963kd3.cloudfront.net/247217/ca/XmzY0LHnBgs.jpg,https://assets.supremenewyork.com/247217/rc/XmzY0LHnBgs.jpg,8800.00,0.00,False,69,Bags,Set of three water resistant Cordura® recycled nylon organizer pouches. <br>Small 10 x 19.5 cm<br>Medium 20.5 x 25.5 cm<br>Large 27 x 31 cm,"Black,Red,Silver,Olive","'https://www.supremenewyork.com/mobile/#products/8891/33093', 'https://www.supremenewyork.com/mobile/#products/8891/33094', 'https://www.supremenewyork.com/mobile/#products/8891/33095', 'https://www.supremenewyork.com/mobile/#products/8891/33096'",N/A,"1, 'END OF STOCK FOR Black', 0, 'END OF STOCK FOR Red', 0, 'END OF STOCK FOR Silver', 0, 'END OF STOCK FOR Olive'"
Supreme®/Yohji Yamamoto® <br>TEKKEN™ Skateboard,8982,https://www.supremenewyork.com/mobile/#products/8982,https://d17ol771963kd3.cloudfront.net/248854/ca/A6BqzVC8ydY.jpg,https://assets.supremenewyork.com/248854/rc/A6BqzVC8ydY.jpg,16500.00,0.00,True,82,Skate,Full dipped Supreme skate deck with printed graphic on bottom and printed logos on top. Original artwork from TEKKEN™. ,"Black - 8.125"" x 32""",'https://www.supremenewyork.com/mobile/#products/8982/33397',N/A,"0, 'END OF STOCK FOR Black - 8.125"" x 32""'"
Supreme®/Independent® Truck,8929,https://www.supremenewyork.com/mobile/#products/8929,https://d17ol771963kd3.cloudfront.net/247730/ca/tgjDbiZPJLQ.jpg,https://assets.supremenewyork.com/247730/rc/tgjDbiZPJLQ.jpg,8800.00,0.00,False,80,Skate,Classic Independent® truck with custom Supreme art. Each size sold separately as a pair of two trucks. Made exclusively for Supreme.,Silver,'https://www.supremenewyork.com/mobile/#products/8929/33232',"129,139,149","1, 1, 1, 'END OF STOCK FOR Silver'"
Supreme®/Spitfire® <br>Shop Wheels (Set of 4),8878,https://www.supremenewyork.com/mobile/#products/8878,https://d17ol771963kd3.cloudfront.net/247714/ca/rfzWqznnu2k.jpg,https://assets.supremenewyork.com/247714/rc/rfzWqznnu2k.jpg,7700.00,0.00,False,81,Skate,Classic Spitfire® wheels with custom Supreme art. Each size sold separately as a set of four wheels. 52mm & 54mm wheels are classic 99D hard urethane. Made exclusively for Supreme.,"Swirl 54mm,White 52mm","'https://www.supremenewyork.com/mobile/#products/8878/33034', 'https://www.supremenewyork.com/mobile/#products/8878/33035'",N/A,"1, 'END OF STOCK FOR Swirl 54mm', 1, 'END OF STOCK FOR White 52mm'"
Box Logo T-Shirt Skateboard,8896,https://www.supremenewyork.com/mobile/#products/8896,https://d17ol771963kd3.cloudfront.net/247601/ca/kg9xTgvpPJg.jpg,https://assets.supremenewyork.com/247601/rc/kg9xTgvpPJg.jpg,13200.00,0.00,False,83,Skate,Supreme skate deck with natural veneer and black top ply. Printed graphic on bottom with printed World Famous and box logo on top. Painted by Robby Rose. ,"White - 8.5"" x 32""",'https://www.supremenewyork.com/mobile/#products/8896/33115',N/A,"1, 'END OF STOCK FOR White - 8.5"" x 32""'"
Supreme®/Yohji Yamamoto® <br>TEKKEN™ Shirt,8979,https://www.supremenewyork.com/mobile/#products/8979,https://d17ol771963kd3.cloudfront.net/248928/ca/LnfwhzQwBEc.jpg,https://assets.supremenewyork.com/248928/rc/LnfwhzQwBEc.jpg,33000.00,0.00,True,13,Shirts,All cotton with printed graphic and single chest pocket. Original artwork from TEKKEN™. ,Multicolor,'https://www.supremenewyork.com/mobile/#products/8979/33392',"Small,Medium,Large,XLarge,XXL","1, 1, 1, 1, 0, 'END OF STOCK FOR Multicolor'"
Multi Type Jacquard Denim Shirt,8989,https://www.supremenewyork.com/mobile/#products/8989,https://d17ol771963kd3.cloudfront.net/244614/ca/ofsEQdw2rJ0.jpg,https://assets.supremenewyork.com/244614/rc/ofsEQdw2rJ0.jpg,25300.00,0.00,True,14,Shirts,All cotton 14 oz. denim with jacquard logo pattern and button flap patch pockets at chest.,"Blue,Brown,Purple","'https://www.supremenewyork.com/mobile/#products/8989/33415', 'https://www.supremenewyork.com/mobile/#products/8989/33416', 'https://www.supremenewyork.com/mobile/#products/8989/33417'","Small,Medium,Large,XLarge,XXL","0, 0, 0, 0, 0, 'END OF STOCK FOR Blue', 1, 1, 1, 1, 0, 'END OF STOCK FOR Brown', 0, 0, 0, 0, 0, 'END OF STOCK FOR Purple'"
Heavy Flannel Shirt,8952,https://www.supremenewyork.com/mobile/#products/8952,https://d17ol771963kd3.cloudfront.net/244519/ca/2zbNZ7MsV9k.jpg,https://assets.supremenewyork.com/244519/rc/2zbNZ7MsV9k.jpg,25300.00,0.00,False,15,Shirts,Cotton blend flannel with on seam hand pockets and button flap patch pockets at chest. Embroidered logo on left pocket. ,"Dark Plum,Black,Gold","'https://www.supremenewyork.com/mobile/#products/8952/33306', 'https://www.supremenewyork.com/mobile/#products/8952/33307', 'https://www.supremenewyork.com/mobile/#products/8952/33308'","Small,Medium,Large,XLarge,XXL","1, 1, 1, 1, 0, 'END OF STOCK FOR Dark Plum', 1, 1, 1, 1, 0, 'END OF STOCK FOR Black', 1, 1, 1, 1, 0, 'END OF STOCK FOR Gold'"
Skulls S/S Shirt,8933,https://www.supremenewyork.com/mobile/#products/8933,https://d17ol771963kd3.cloudfront.net/244642/ca/4VmIa3Dseb4.jpg,https://assets.supremenewyork.com/244642/rc/4VmIa3Dseb4.jpg,23100.00,0.00,False,16,Shirts,Viscose with printed graphic. Embroidered logo on back neck. Original artwork by Cokney.,"Black,Light Brown","'https://www.supremenewyork.com/mobile/#products/8933/33242', 'https://www.supremenewyork.com/mobile/#products/8933/33243'","Small,Medium,Large,XLarge,XXL","1, 1, 1, 1, 0, 'END OF STOCK FOR Black', 1, 1, 1, 1, 0, 'END OF STOCK FOR Light Brown'"
Supreme®/Yohji Yamamoto®/<br>Vanson Leathers® Split Pant,8981,https://www.supremenewyork.com/mobile/#products/8981,https://d17ol771963kd3.cloudfront.net/248862/ca/D05ay0ogczI.jpg,https://assets.supremenewyork.com/248862/rc/D05ay0ogczI.jpg,275000.00,0.00,True,38,Pants,"<span class=""red"">※本商品につきましては、利用規約第１０条２項にかかわらず、発送までに3週間程度を頂戴致します旨ご了解下さい。<br>
※本商品のお支払いに関しましては、利用規約第１１条２項にかかわらずクレジットカード決済のみとなり、商品発送日に決済完了となります。<br>
　但し、デビットカード等口座直結型のカードをご利用の場合はご注文完了時に決済完了となります旨ご了解下さい。<br>
*Available online only. Allow 3 additional weeks for delivery. </span>

Custom fit competition weight cowhide leather with rayon twill lining. Slanted zip hand pockets and back zip pocket. Zip fly closure with zip openings at cuffs. Leather logo appliqué at sides. Embroidered logo patches at waist and side. Made exclusively for Supreme. ","Green,White","'https://www.supremenewyork.com/mobile/#products/8981/33395', 'https://www.supremenewyork.com/mobile/#products/8981/33396'","30,32,34,36,38","1, 1, 1, 1, 0, 'END OF STOCK FOR Green', 1, 1, 0, 1, 0, 'END OF STOCK FOR White'"
Supreme®/Yohji Yamamoto® <br>Faux Fur Cargo Pant,8975,https://www.supremenewyork.com/mobile/#products/8975,https://d17ol771963kd3.cloudfront.net/248869/ca/L1qF2-q6Nuo.jpg,https://assets.supremenewyork.com/248869/rc/L1qF2-q6Nuo.jpg,42900.00,0.00,True,39,Pants,Faux fur with cupro lining. Slanted front pockets and welt back pockets with button closure. Button flap cargo pockets at thighs and drawstring at cuffs. Woven logo label at back right pocket.,Black,'https://www.supremenewyork.com/mobile/#products/8975/33384',"30,32,34,36,38","1, 1, 1, 0, 0, 'END OF STOCK FOR Black'"
Multi Type Jacquard Regular Jean,8985,https://www.supremenewyork.com/mobile/#products/8985,https://d17ol771963kd3.cloudfront.net/244803/ca/dSr8UVAo88E.jpg,https://assets.supremenewyork.com/244803/rc/dSr8UVAo88E.jpg,29700.00,0.00,True,40,Pants,"All cotton 14 oz. denim with jacquard logo pattern. Classic 5-pocket style with button fly, single coin pocket, copper oxide rivets and leather logo patch on back.","Blue,Purple,Brown","'https://www.supremenewyork.com/mobile/#products/8985/33405', 'https://www.supremenewyork.com/mobile/#products/8985/33406', 'https://www.supremenewyork.com/mobile/#products/8985/33407'","30,32,34,36,38","1, 1, 1, 1, 0, 'END OF STOCK FOR Blue', 1, 1, 1, 1, 0, 'END OF STOCK FOR Purple', 1, 1, 1, 1, 0, 'END OF STOCK FOR Brown'"
Studded Velour Track Pant,8940,https://www.supremenewyork.com/mobile/#products/8940,https://d17ol771963kd3.cloudfront.net/244829/ca/YHYsRJtAsHM.jpg,https://assets.supremenewyork.com/244829/rc/YHYsRJtAsHM.jpg,22000.00,0.00,False,41,Pants,Cotton blend velour with welt hand pockets and single back zip pocket. Elastic cuffs and hem with interior drawcord. Metal studs at sides and embroidered logo on thigh.,"Burgundy,Olive,Black","'https://www.supremenewyork.com/mobile/#products/8940/33263', 'https://www.supremenewyork.com/mobile/#products/8940/33264', 'https://www.supremenewyork.com/mobile/#products/8940/33265'","Small,Medium,Large,XLarge,XXL","0, 0, 0, 0, 0, 'END OF STOCK FOR Burgundy', 0, 0, 0, 0, 0, 'END OF STOCK FOR Olive', 1, 1, 1, 1, 0, 'END OF STOCK FOR Black'"
Chino Pant,8963,https://www.supremenewyork.com/mobile/#products/8963,https://d17ol771963kd3.cloudfront.net/244762/ca/5omLP9nQK_8.jpg,https://assets.supremenewyork.com/244762/rc/5omLP9nQK_8.jpg,24200.00,0.00,False,42,Pants,"All cotton chino twill with enzyme wash. Relaxed fit with on seam hand pockets, welt back pockets and button fly closure. Embroidered logo on back pocket.","Burnt Orange,Black,Olive,Slate,Brown","'https://www.supremenewyork.com/mobile/#products/8963/33346', 'https://www.supremenewyork.com/mobile/#products/8963/33347', 'https://www.supremenewyork.com/mobile/#products/8963/33348', 'https://www.supremenewyork.com/mobile/#products/8963/33349', 'https://www.supremenewyork.com/mobile/#products/8963/33350'","30,32,34,36,38","0, 1, 0, 1, 0, 'END OF STOCK FOR Burnt Orange', 1, 1, 1, 1, 0, 'END OF STOCK FOR Black', 1, 1, 1, 1, 0, 'END OF STOCK FOR Olive', 1, 1, 1, 1, 0, 'END OF STOCK FOR Slate', 1, 1, 1, 1, 0, 'END OF STOCK FOR Brown'"
Cargo Pant,8949,https://www.supremenewyork.com/mobile/#products/8949,https://d17ol771963kd3.cloudfront.net/244883/ca/i1bwretetoY.jpg,https://assets.supremenewyork.com/244883/rc/i1bwretetoY.jpg,27500.00,0.00,False,43,Pants,"All cotton with enzyme wash. Slanted front pockets and button flap back pockets. Button flap cargo pockets at thighs and lower legs. Button fly closure, twill tape size adjusters at waist and drawstring at cuffs.","Branch Woodland Camo,Black,White,Brown","'https://www.supremenewyork.com/mobile/#products/8949/33296', 'https://www.supremenewyork.com/mobile/#products/8949/33297', 'https://www.supremenewyork.com/mobile/#products/8949/33298', 'https://www.supremenewyork.com/mobile/#products/8949/33299'","30,32,34,36,38","0, 0, 0, 0, 0, 'END OF STOCK FOR Branch Woodland Camo', 1, 1, 1, 1, 0, 'END OF STOCK FOR Black', 0, 0, 0, 0, 0, 'END OF STOCK FOR White', 1, 1, 1, 1, 0, 'END OF STOCK FOR Brown'"
Regular Jean,8859,https://www.supremenewyork.com/mobile/#products/8859,https://d17ol771963kd3.cloudfront.net/244782/ca/3jjobomAT3Y.jpg,https://assets.supremenewyork.com/244782/rc/3jjobomAT3Y.jpg,24200.00,0.00,False,44,Pants,"All cotton 13 oz. denim with enzyme wash. Classic 5-pocket style with button fly, single coin pocket, copper oxide rivets and embroidered logo on back pocket.","Dyed Rust,Washed Black,Washed Blue,Natural","'https://www.supremenewyork.com/mobile/#products/8859/32960', 'https://www.supremenewyork.com/mobile/#products/8859/32961', 'https://www.supremenewyork.com/mobile/#products/8859/32962', 'https://www.supremenewyork.com/mobile/#products/8859/32963'","30,32,34,36,38","0, 0, 0, 0, 0, 'END OF STOCK FOR Dyed Rust', 1, 1, 1, 1, 0, 'END OF STOCK FOR Washed Black', 1, 1, 1, 1, 0, 'END OF STOCK FOR Washed Blue', 1, 1, 1, 1, 0, 'END OF STOCK FOR Natural'"
Rigid Slim Jean,8876,https://www.supremenewyork.com/mobile/#products/8876,https://d17ol771963kd3.cloudfront.net/244797/ca/VOleTdoBxp8.jpg,https://assets.supremenewyork.com/244797/rc/VOleTdoBxp8.jpg,27500.00,0.00,False,45,Pants,"All cotton 14 oz. selvedge denim. Classic 5-pocket style with button fly, single coin pocket, copper rivets and leather logo patch on back.",Rigid Indigo,'https://www.supremenewyork.com/mobile/#products/8876/33030',"30,32,34,36,38","1, 1, 1, 1, 0, 'END OF STOCK FOR Rigid Indigo'"
Stone Washed Slim Jean,8863,https://www.supremenewyork.com/mobile/#products/8863,https://d17ol771963kd3.cloudfront.net/244809/ca/a8QD988Vylc.jpg,https://assets.supremenewyork.com/244809/rc/a8QD988Vylc.jpg,27500.00,0.00,False,46,Pants,"All cotton 14 oz. selvedge denim with stone wash. Classic 5-pocket style with button fly, single coin pocket, copper oxide rivets and leather logo patch on back.",Stone Washed Indigo,'https://www.supremenewyork.com/mobile/#products/8863/32979',"30,32,34,36,38","1, 1, 1, 1, 0, 'END OF STOCK FOR Stone Washed Indigo'"
Stone Washed Black Slim Jean,8926,https://www.supremenewyork.com/mobile/#products/8926,https://d17ol771963kd3.cloudfront.net/244775/ca/GJqfmox8i7U.jpg,https://assets.supremenewyork.com/244775/rc/GJqfmox8i7U.jpg,24200.00,0.00,False,47,Pants,"All cotton 14 oz. denim with stone wash. Classic 5-pocket style with button fly, single coin pocket, copper oxide rivets and leather logo patch on back.",Washed Black,'https://www.supremenewyork.com/mobile/#products/8926/33219',"30,32,34,36,38","1, 1, 1, 1, 0, 'END OF STOCK FOR Washed Black'"
S Logo Sweatpant,8918,https://www.supremenewyork.com/mobile/#products/8918,https://d17ol771963kd3.cloudfront.net/244974/ca/23n_yppQhcQ.jpg,https://assets.supremenewyork.com/244974/rc/23n_yppQhcQ.jpg,25300.00,0.00,False,48,Pants,Heavyweight crossgrain brushed-back fleece. On seam hand pockets and single back patch pocket. Elastic cuffs and waistband with interior drawcord. Embroidered logos on thigh and back pocket.,"Red,Brown,Dark Green,Heather Grey,Royal,Black","'https://www.supremenewyork.com/mobile/#products/8918/33187', 'https://www.supremenewyork.com/mobile/#products/8918/33188', 'https://www.supremenewyork.com/mobile/#products/8918/33189', 'https://www.supremenewyork.com/mobile/#products/8918/33190', 'https://www.supremenewyork.com/mobile/#products/8918/33191', 'https://www.supremenewyork.com/mobile/#products/8918/33192'","Small,Medium,Large,XLarge,XXL","1, 1, 0, 0, 0, 'END OF STOCK FOR Red', 1, 1, 1, 1, 0, 'END OF STOCK FOR Brown', 0, 0, 0, 0, 0, 'END OF STOCK FOR Dark Green', 1, 1, 1, 1, 0, 'END OF STOCK FOR Heather Grey', 0, 0, 0, 0, 0, 'END OF STOCK FOR Royal', 1, 1, 1, 1, 0, 'END OF STOCK FOR Black'"
Small Box Sweatshort,8881,https://www.supremenewyork.com/mobile/#products/8881,https://d17ol771963kd3.cloudfront.net/245194/ca/sJaqCicc9UI.jpg,https://assets.supremenewyork.com/245194/rc/sJaqCicc9UI.jpg,18700.00,0.00,False,49,Shorts,Heavyweight crossgrain brushed-back fleece. On seam hand pockets and single back patch pocket. Elastic waistband with interior drawcord. Embroidered logo patch at waist.,"Light Olive,Light Slate,Bright Orange,Ash Grey,Dark Brown,Black,Raspberry","'https://www.supremenewyork.com/mobile/#products/8881/33047', 'https://www.supremenewyork.com/mobile/#products/8881/33048', 'https://www.supremenewyork.com/mobile/#products/8881/33049', 'https://www.supremenewyork.com/mobile/#products/8881/33050', 'https://www.supremenewyork.com/mobile/#products/8881/33051', 'https://www.supremenewyork.com/mobile/#products/8881/33052', 'https://www.supremenewyork.com/mobile/#products/8881/33053'","Small,Medium,Large,XLarge,XXL","1, 1, 1, 1, 0, 'END OF STOCK FOR Light Olive', 0, 1, 0, 0, 0, 'END OF STOCK FOR Light Slate', 0, 0, 0, 0, 0, 'END OF STOCK FOR Bright Orange', 0, 0, 0, 0, 0, 'END OF STOCK FOR Ash Grey', 1, 1, 1, 1, 0, 'END OF STOCK FOR Dark Brown', 0, 0, 0, 0, 0, 'END OF STOCK FOR Black', 1, 1, 0, 0, 0, 'END OF STOCK FOR Raspberry'"
Supreme®/Yohji Yamamoto® <br>TEKKEN™ Sweater,8988,https://www.supremenewyork.com/mobile/#products/8988,https://d17ol771963kd3.cloudfront.net/248849/ca/hzjaOsPs6og.jpg,https://assets.supremenewyork.com/248849/rc/hzjaOsPs6og.jpg,41800.00,0.00,True,12,Tops/Sweaters,Wool blend with intarsia knit graphic. Knit logos at sleeve and back hem. Original artwork from TEKKEN™. ,"Black,Olive","'https://www.supremenewyork.com/mobile/#products/8988/33413', 'https://www.supremenewyork.com/mobile/#products/8988/33414'","Small,Medium,Large,XLarge,XXL","1, 1, 1, 1, 0, 'END OF STOCK FOR Black', 1, 1, 1, 1, 0, 'END OF STOCK FOR Olive'"
Inverted Stripe S/S Top,8974,https://www.supremenewyork.com/mobile/#products/8974,https://d17ol771963kd3.cloudfront.net/245821/ca/yaP_32lUVm8.jpg,https://assets.supremenewyork.com/245821/rc/yaP_32lUVm8.jpg,15400.00,0.00,True,27,Tops/Sweaters,All cotton jersey crewneck with inverted jacquard knit logo at chest.,"Green,Brown,Black,Light Blue","'https://www.supremenewyork.com/mobile/#products/8974/33380', 'https://www.supremenewyork.com/mobile/#products/8974/33381', 'https://www.supremenewyork.com/mobile/#products/8974/33382', 'https://www.supremenewyork.com/mobile/#products/8974/33383'","Small,Medium,Large,XLarge,XXL","1, 1, 1, 1, 1, 'END OF STOCK FOR Green', 1, 1, 1, 1, 1, 'END OF STOCK FOR Brown', 1, 1, 1, 1, 1, 'END OF STOCK FOR Black', 1, 1, 1, 1, 1, 'END OF STOCK FOR Light Blue'"
Phoenix S/S Top,8983,https://www.supremenewyork.com/mobile/#products/8983,https://d17ol771963kd3.cloudfront.net/245953/ca/QU05Nj0Vxjc.jpg,https://assets.supremenewyork.com/245953/rc/QU05Nj0Vxjc.jpg,14300.00,0.00,True,28,Tops/Sweaters,All cotton jersey crewneck with embroidered logo on chest.,"Black,Lilac,White,Brown,Green","'https://www.supremenewyork.com/mobile/#products/8983/33398', 'https://www.supremenewyork.com/mobile/#products/8983/33399', 'https://www.supremenewyork.com/mobile/#products/8983/33400', 'https://www.supremenewyork.com/mobile/#products/8983/33401', 'https://www.supremenewyork.com/mobile/#products/8983/33402'","Small,Medium,Large,XLarge,XXL","1, 1, 1, 1, 0, 'END OF STOCK FOR Black', 0, 0, 1, 1, 0, 'END OF STOCK FOR Lilac', 1, 1, 1, 1, 1, 'END OF STOCK FOR White', 1, 1, 1, 1, 1, 'END OF STOCK FOR Brown', 1, 1, 1, 1, 0, 'END OF STOCK FOR Green'"
Gradient Stripe Sweater,8964,https://www.supremenewyork.com/mobile/#products/8964,https://d17ol771963kd3.cloudfront.net/244433/ca/m7yMWTkG6Zk.jpg,https://assets.supremenewyork.com/244433/rc/m7yMWTkG6Zk.jpg,24200.00,0.00,False,10,Tops/Sweaters,"Acrylic with embroidered logo on chest.<br> 
<br>
<span class=""red"">
※こちらの商品は製造工程上、色味に個体差があり商品画像と異なる場合がございます。
</span>","Multicolor,Black","'https://www.supremenewyork.com/mobile/#products/8964/33351', 'https://www.supremenewyork.com/mobile/#products/8964/33352'","Small,Medium,Large,XLarge,XXL","1, 1, 1, 1, 0, 'END OF STOCK FOR Multicolor', 1, 1, 1, 1, 0, 'END OF STOCK FOR Black'"
Abstract Stripe Cardigan,8915,https://www.supremenewyork.com/mobile/#products/8915,https://d17ol771963kd3.cloudfront.net/244428/ca/FBNeVDqv62w.jpg,https://assets.supremenewyork.com/244428/rc/FBNeVDqv62w.jpg,35200.00,0.00,False,11,Tops/Sweaters,Brushed mohair blend with button front closure. Hand pockets at lower front with embroidered logo.,"Light Brown,Olive,Black,Plum","'https://www.supremenewyork.com/mobile/#products/8915/33177', 'https://www.supremenewyork.com/mobile/#products/8915/33178', 'https://www.supremenewyork.com/mobile/#products/8915/33179', 'https://www.supremenewyork.com/mobile/#products/8915/33180'","Small,Medium,Large,XLarge,XXL","0, 1, 1, 1, 0, 'END OF STOCK FOR Light Brown', 0, 0, 1, 1, 0, 'END OF STOCK FOR Olive', 1, 1, 1, 1, 0, 'END OF STOCK FOR Black', 1, 1, 1, 1, 0, 'END OF STOCK FOR Plum'"
Creases S/S Top,8954,https://www.supremenewyork.com/mobile/#products/8954,https://d17ol771963kd3.cloudfront.net/245774/ca/EYEXOWhqNgE.jpg,https://assets.supremenewyork.com/245774/rc/EYEXOWhqNgE.jpg,15400.00,0.00,False,29,Tops/Sweaters,All cotton jersey crewneck with embroidered logo on chest.,"Neon Green,Grey,Red,White","'https://www.supremenewyork.com/mobile/#products/8954/33312', 'https://www.supremenewyork.com/mobile/#products/8954/33313', 'https://www.supremenewyork.com/mobile/#products/8954/33314', 'https://www.supremenewyork.com/mobile/#products/8954/33315'","Small,Medium,Large,XLarge,XXL","0, 1, 1, 0, 0, 'END OF STOCK FOR Neon Green', 1, 1, 1, 1, 0, 'END OF STOCK FOR Grey', 0, 0, 0, 0, 0, 'END OF STOCK FOR Red', 1, 1, 1, 1, 0, 'END OF STOCK FOR White'"
Cut Out L/S Top,8956,https://www.supremenewyork.com/mobile/#products/8956,https://d17ol771963kd3.cloudfront.net/245874/ca/SUqHRPzH0ns.jpg,https://assets.supremenewyork.com/245874/rc/SUqHRPzH0ns.jpg,15400.00,0.00,False,30,Tops/Sweaters,All cotton jersey crewneck with cut out logos at sleeves.,"Washed Navy,Olive,Black,Pale Pink","'https://www.supremenewyork.com/mobile/#products/8956/33319', 'https://www.supremenewyork.com/mobile/#products/8956/33320', 'https://www.supremenewyork.com/mobile/#products/8956/33321', 'https://www.supremenewyork.com/mobile/#products/8956/33322'","Small,Medium,Large,XLarge,XXL","0, 0, 0, 0, 0, 'END OF STOCK FOR Washed Navy', 1, 1, 1, 1, 0, 'END OF STOCK FOR Olive', 0, 0, 1, 1, 0, 'END OF STOCK FOR Black', 0, 0, 0, 0, 0, 'END OF STOCK FOR Pale Pink'"
Shadow Script S/S Top,8943,https://www.supremenewyork.com/mobile/#products/8943,https://d17ol771963kd3.cloudfront.net/245991/ca/fBs0jiJEimo.jpg,https://assets.supremenewyork.com/245991/rc/fBs0jiJEimo.jpg,14300.00,0.00,False,31,Tops/Sweaters,All cotton jersey crewneck with satin logo appliqué at chest. ,"Dusty Yellow,Teal,White,Red,Dark Olive,Black","'https://www.supremenewyork.com/mobile/#products/8943/33271', 'https://www.supremenewyork.com/mobile/#products/8943/33272', 'https://www.supremenewyork.com/mobile/#products/8943/33273', 'https://www.supremenewyork.com/mobile/#products/8943/33274', 'https://www.supremenewyork.com/mobile/#products/8943/33275', 'https://www.supremenewyork.com/mobile/#products/8943/33276'","Small,Medium,Large,XLarge,XXL","1, 0, 0, 0, 0, 'END OF STOCK FOR Dusty Yellow', 1, 1, 1, 1, 1, 'END OF STOCK FOR Teal', 0, 1, 1, 1, 0, 'END OF STOCK FOR White', 1, 1, 1, 1, 0, 'END OF STOCK FOR Red', 1, 1, 1, 1, 0, 'END OF STOCK FOR Dark Olive', 1, 1, 1, 0, 0, 'END OF STOCK FOR Black'"
Small Box Tee,8886,https://www.supremenewyork.com/mobile/#products/8886,https://d17ol771963kd3.cloudfront.net/245738/ca/IkoyUjAhY-E.jpg,https://assets.supremenewyork.com/245738/rc/IkoyUjAhY-E.jpg,9900.00,0.00,False,32,Tops/Sweaters,All cotton jersey crewneck with embroidered logo patch on chest.,"Ash Grey,Magenta,Branch Woodland Camo,Teal,Navy,White,Black,Brown","'https://www.supremenewyork.com/mobile/#products/8886/33066', 'https://www.supremenewyork.com/mobile/#products/8886/33067', 'https://www.supremenewyork.com/mobile/#products/8886/33068', 'https://www.supremenewyork.com/mobile/#products/8886/33069', 'https://www.supremenewyork.com/mobile/#products/8886/33070', 'https://www.supremenewyork.com/mobile/#products/8886/33071', 'https://www.supremenewyork.com/mobile/#products/8886/33072', 'https://www.supremenewyork.com/mobile/#products/8886/33073'","Small,Medium,Large,XLarge,XXL","0, 0, 0, 0, 0, 'END OF STOCK FOR Ash Grey', 0, 0, 0, 0, 0, 'END OF STOCK FOR Magenta', 1, 1, 1, 0, 0, 'END OF STOCK FOR Branch Woodland Camo', 1, 1, 1, 0, 0, 'END OF STOCK FOR Teal', 0, 0, 0, 0, 0, 'END OF STOCK FOR Navy', 1, 1, 1, 1, 0, 'END OF STOCK FOR White', 1, 1, 1, 0, 0, 'END OF STOCK FOR Black', 1, 1, 1, 1, 0, 'END OF STOCK FOR Brown'"
Supreme®/Mitchell & Ness® <br>Football Jersey,8947,https://www.supremenewyork.com/mobile/#products/8947,https://d17ol771963kd3.cloudfront.net/245716/ca/EbqndYGEYkw.jpg,https://assets.supremenewyork.com/245716/rc/EbqndYGEYkw.jpg,24200.00,0.00,False,33,Tops/Sweaters,Poly jersey with stripe rib collar. Vinyl logo appliqué at chest and sleeve with graphic appliqué at back. Woven logo label at lower front. Made exclusively for Supreme.,"Brown,White,Black","'https://www.supremenewyork.com/mobile/#products/8947/33286', 'https://www.supremenewyork.com/mobile/#products/8947/33287', 'https://www.supremenewyork.com/mobile/#products/8947/33288'","Small,Medium,Large,XLarge,XXL","1, 1, 1, 1, 0, 'END OF STOCK FOR Brown', 1, 1, 1, 1, 0, 'END OF STOCK FOR White', 1, 1, 1, 1, 0, 'END OF STOCK FOR Black'"
Mock Neck L/S Top,8907,https://www.supremenewyork.com/mobile/#products/8907,https://d17ol771963kd3.cloudfront.net/245812/ca/CuT64gkICYo.jpg,https://assets.supremenewyork.com/245812/rc/CuT64gkICYo.jpg,13200.00,0.00,False,34,Tops/Sweaters,All cotton jersey mock neck with embroidered logo on chest.,"Bright Pink,Dark Green,Dark Tan,Dark Navy,White,Black","'https://www.supremenewyork.com/mobile/#products/8907/33147', 'https://www.supremenewyork.com/mobile/#products/8907/33148', 'https://www.supremenewyork.com/mobile/#products/8907/33149', 'https://www.supremenewyork.com/mobile/#products/8907/33150', 'https://www.supremenewyork.com/mobile/#products/8907/33151', 'https://www.supremenewyork.com/mobile/#products/8907/33152'","Small,Medium,Large,XLarge,XXL","0, 0, 0, 0, 0, 'END OF STOCK FOR Bright Pink', 1, 1, 1, 1, 1, 'END OF STOCK FOR Dark Green', 1, 1, 1, 1, 1, 'END OF STOCK FOR Dark Tan', 1, 1, 1, 1, 1, 'END OF STOCK FOR Dark Navy', 1, 1, 1, 1, 1, 'END OF STOCK FOR White', 1, 1, 1, 1, 1, 'END OF STOCK FOR Black'"
Supreme®/Yohji Yamamoto® <br>Paint Tee,8993,https://www.supremenewyork.com/mobile/#products/8993,https://d17ol771963kd3.cloudfront.net/248804/ca/LZcBgrBGl6o.jpg,https://assets.supremenewyork.com/248804/rc/LZcBgrBGl6o.jpg,9350.00,0.00,True,35,T-Shirts,All cotton classic Supreme t-shirt with printed graphic on front. Printed logos at hem.,"Black,White","'https://www.supremenewyork.com/mobile/#products/8993/33428', 'https://www.supremenewyork.com/mobile/#products/8993/33429'","Small,Medium,Large,XLarge,XXL","1, 1, 1, 1, 0, 'END OF STOCK FOR Black', 1, 1, 1, 1, 1, 'END OF STOCK FOR White'"
Supreme®/Yohji Yamamoto® <br>Pumpkin Tee,8994,https://www.supremenewyork.com/mobile/#products/8994,https://d17ol771963kd3.cloudfront.net/248807/ca/Tzos73Bqd-o.jpg,https://assets.supremenewyork.com/248807/rc/Tzos73Bqd-o.jpg,9350.00,0.00,True,36,T-Shirts,All cotton classic Supreme t-shirt with printed graphic on front. Printed logos at hem.,"Black,White","'https://www.supremenewyork.com/mobile/#products/8994/33430', 'https://www.supremenewyork.com/mobile/#products/8994/33431'","Small,Medium,Large,XLarge,XXL","1, 1, 1, 0, 0, 'END OF STOCK FOR Black', 1, 1, 1, 1, 0, 'END OF STOCK FOR White'"
Supreme®/Yohji Yamamoto® <br>TEKKEN™ Tee,8973,https://www.supremenewyork.com/mobile/#products/8973,https://d17ol771963kd3.cloudfront.net/248800/ca/U34-mzZQ57E.jpg,https://assets.supremenewyork.com/248800/rc/U34-mzZQ57E.jpg,9350.00,0.00,True,37,T-Shirts,All cotton classic Supreme t-shirt with printed graphic on front. Printed logos at hem. Original artwork from TEKKEN™.,"White,Black","'https://www.supremenewyork.com/mobile/#products/8973/33378', 'https://www.supremenewyork.com/mobile/#products/8973/33379'","Small,Medium,Large,XLarge,XXL","1, 1, 1, 1, 1, 'END OF STOCK FOR White', 1, 1, 1, 1, 0, 'END OF STOCK FOR Black'"
Supreme®/Yohji Yamamoto® Suit,8976,https://www.supremenewyork.com/mobile/#products/8976,https://d17ol771963kd3.cloudfront.net/248832/ca/5I-T2RXkLUo.jpg,https://assets.supremenewyork.com/248832/rc/5I-T2RXkLUo.jpg,154000.00,0.00,True,1,Jackets,"Lightweight wool with printed graphic and viscose lining. Jacket with double welt hand pockets at hip and chest. Three interior welt pockets. Embroidered logos on back shoulder. Half-lined trousers with button closure, zip fly and elastic waistband with interior drawcord. On seam hand pockets and back pockets with button closure. Embroidered logos at back pocket.",Black,'https://www.supremenewyork.com/mobile/#products/8976/33385',"Small,Medium,Large,XLarge,XXL","1, 1, 1, 1, 0, 'END OF STOCK FOR Black'"
Supreme®/Yohji Yamamoto®/<br>Vanson Leathers® Split Jacket,8971,https://www.supremenewyork.com/mobile/#products/8971,https://d17ol771963kd3.cloudfront.net/248885/ca/YJ5swgK1PiI.jpg,https://assets.supremenewyork.com/248885/rc/YJ5swgK1PiI.jpg,407000.00,0.00,True,2,Jackets,"<span class=""red"">
※本商品につきましては、利用規約第１０条２項にかかわらず、発送までに3週間程度を頂戴致します旨ご了解下さい。<br>
※本商品のお支払いに関しましては、利用規約第１１条２項にかかわらずクレジットカード決済のみとなり、商品発送日に決済完了となります。<br>
　但し、デビットカード等口座直結型のカードをご利用の場合はご注文完了時に決済完了となります旨ご了解下さい。<br>
*Available online only. Allow 3 additional weeks for delivery. </span>

Custom fit competition weight cowhide leather with rayon twill lining. Full zip closure with double welt zip hand pockets at lower front and interior chest pockets. Snap band closure at collar and zip openings at cuffs. Leather logo appliqué at chest, sleeves and back. Embroidered logo patches on chest and sleeve. Made exclusively for Supreme.
","Green,White","'https://www.supremenewyork.com/mobile/#products/8971/33372', 'https://www.supremenewyork.com/mobile/#products/8971/33373'","Small,Medium,Large,XLarge,XXL","0, 1, 1, 0, 0, 'END OF STOCK FOR Green', 0, 1, 1, 0, 0, 'END OF STOCK FOR White'"
Supreme®/Yohji Yamamoto® <br>TEKKEN™ Puffer Parka,8969,https://www.supremenewyork.com/mobile/#products/8969,https://d17ol771963kd3.cloudfront.net/248899/ca/qEsM8evb97Q.jpg,https://assets.supremenewyork.com/248899/rc/qEsM8evb97Q.jpg,79200.00,0.00,True,3,Jackets,Water resistant nylon with down insulated quilted baffles and lining. Snap front closure with double welt zip hand pockets at lower front. Patch pocket at chest and interior chest pockets. Removable hood with interior elastic shockcord. Printed logos on back. Original artwork from TEKKEN™. ,"Black,Royal","'https://www.supremenewyork.com/mobile/#products/8969/33368', 'https://www.supremenewyork.com/mobile/#products/8969/33369'","Small,Medium,Large,XLarge,XXL","1, 1, 1, 1, 1, 'END OF STOCK FOR Black', 1, 1, 1, 1, 0, 'END OF STOCK FOR Royal'"
Supreme®/Yohji Yamamoto® <br>TEKKEN™ Nylon Bomber Jacket,8978,https://www.supremenewyork.com/mobile/#products/8978,https://d17ol771963kd3.cloudfront.net/248903/ca/YWg5U5GdxW4.jpg,https://assets.supremenewyork.com/248903/rc/YWg5U5GdxW4.jpg,53900.00,0.00,True,4,Jackets,"Water resistant nylon with fill and nylon lining. Full zip closure with welt hand pockets at lower front, double welt zip pockets at cuffs and interior chest pocket. Knit rib collar and cuffs with size adjusters at hem. Printed graphics on front and back. Printed logos on back shoulder. Original artwork from TEKKEN™. ","Natural,Black","'https://www.supremenewyork.com/mobile/#products/8978/33390', 'https://www.supremenewyork.com/mobile/#products/8978/33391'","Small,Medium,Large,XLarge,XXL","1, 1, 1, 1, 0, 'END OF STOCK FOR Natural', 1, 1, 1, 0, 0, 'END OF STOCK FOR Black'"
Supreme®/Yohji Yamamoto® Baja Jacket,8992,https://www.supremenewyork.com/mobile/#products/8992,https://d17ol771963kd3.cloudfront.net/248874/ca/ArMedNqweBw.jpg,https://assets.supremenewyork.com/248874/rc/ArMedNqweBw.jpg,39600.00,0.00,True,5,Jackets,Wool blend with full zip closure and pouch pocket at lower front. Printed logos on chest and back.,"Red,Blue","'https://www.supremenewyork.com/mobile/#products/8992/33426', 'https://www.supremenewyork.com/mobile/#products/8992/33427'","Small,Medium,Large,XLarge,XXL","0, 0, 0, 0, 0, 'END OF STOCK FOR Red', 0, 0, 0, 0, 0, 'END OF STOCK FOR Blue'"
Cotton Utility Jacket,8945,https://www.supremenewyork.com/mobile/#products/8945,https://d17ol771963kd3.cloudfront.net/244401/ca/Fdrf6B2qK0c.jpg,https://assets.supremenewyork.com/244401/rc/Fdrf6B2qK0c.jpg,37400.00,0.00,False,6,Jackets,Two-layer cotton with cowhide leather collar and full zip closure. Double welt hand pockets and patch pockets at lower front. Velcro flap patch pocket at chest and sleeve with interior patch pockets. Snap closures at cuffs. Embroidered logos at chest pocket and back. Pinback button included.,"Sulfur,Dusty Lilac,Black","'https://www.supremenewyork.com/mobile/#products/8945/33278', 'https://www.supremenewyork.com/mobile/#products/8945/33279', 'https://www.supremenewyork.com/mobile/#products/8945/33280'","Small,Medium,Large,XLarge,XXL","0, 0, 0, 0, 0, 'END OF STOCK FOR Sulfur', 0, 0, 0, 0, 0, 'END OF STOCK FOR Dusty Lilac', 0, 1, 1, 1, 0, 'END OF STOCK FOR Black'"
Gonz GORE-TEX Shell Jacket,8890,https://www.supremenewyork.com/mobile/#products/8890,https://d17ol771963kd3.cloudfront.net/247683/ca/e8wyOE6zpbg.jpg,https://assets.supremenewyork.com/247683/rc/e8wyOE6zpbg.jpg,82500.00,0.00,False,7,Jackets,"Waterproof, breathable GORE-TEX poly shell with taped seams. Full zip closure with zip pockets at front and sleeve. Interior elastic shockcord at fixed hood and hem with velcro tab adjusters at cuffs. Embroidered logos at hood, hem and sleeve. Welded and bonded graphic appliqué with printed logo at back. Original artwork by Mark Gonzales.","Desert Camo,Black,Yellow","'https://www.supremenewyork.com/mobile/#products/8890/33090', 'https://www.supremenewyork.com/mobile/#products/8890/33091', 'https://www.supremenewyork.com/mobile/#products/8890/33092'","Small,Medium,Large,XLarge,XXL","1, 1, 1, 1, 0, 'END OF STOCK FOR Desert Camo', 1, 1, 1, 1, 0, 'END OF STOCK FOR Black', 1, 1, 1, 1, 0, 'END OF STOCK FOR Yellow'"
Studded Velour Track Jacket,8941,https://www.supremenewyork.com/mobile/#products/8941,https://d17ol771963kd3.cloudfront.net/244117/ca/A8iIHGFnQ8M.jpg,https://assets.supremenewyork.com/244117/rc/A8iIHGFnQ8M.jpg,26400.00,0.00,False,8,Jackets,Cotton blend velour with full zip closure. Welt zip hand pockets at lower front with elastic cuffs and hem. Metal studs at shoulders and sleeves. Embroidered logo on chest. ,"Burgundy,Olive,Black","'https://www.supremenewyork.com/mobile/#products/8941/33266', 'https://www.supremenewyork.com/mobile/#products/8941/33267', 'https://www.supremenewyork.com/mobile/#products/8941/33268'","Small,Medium,Large,XLarge,XXL","0, 0, 0, 0, 0, 'END OF STOCK FOR Burgundy', 0, 0, 0, 0, 0, 'END OF STOCK FOR Olive', 0, 0, 0, 1, 1, 'END OF STOCK FOR Black'"
Studded Quilted Leather Jacket,8868,https://www.supremenewyork.com/mobile/#products/8868,https://d17ol771963kd3.cloudfront.net/243890/ca/8p0zmmCrkqA.jpg,https://assets.supremenewyork.com/243890/rc/8p0zmmCrkqA.jpg,220000.00,0.00,False,9,Jackets,"Quilted lambskin leather with metal studs, fill and satin lining. Full zip closure with double welt hand pockets at lower front and interior chest pockets. Elasticized leather cuffs and hem. Inset leather logo appliqué with metal studs and embroidery at chest and back.","Red,Black,White","'https://www.supremenewyork.com/mobile/#products/8868/32995', 'https://www.supremenewyork.com/mobile/#products/8868/32996', 'https://www.supremenewyork.com/mobile/#products/8868/32997'","Small,Medium,Large,XLarge,XXL","0, 1, 1, 0, 0, 'END OF STOCK FOR Red', 1, 1, 1, 0, 0, 'END OF STOCK FOR Black', 0, 1, 0, 0, 0, 'END OF STOCK FOR White'"
Supreme®/Yohji Yamamoto®  <br>TEKKEN™ Hooded Sweatshirt,8968,https://www.supremenewyork.com/mobile/#products/8968,https://d17ol771963kd3.cloudfront.net/248818/ca/hVF1vw-ICM8.jpg,https://assets.supremenewyork.com/248818/rc/hVF1vw-ICM8.jpg,31900.00,0.00,True,18,Sweatshirts,Brushed-back fleece with pouch pocket. Printed logos on chest and back hem. Original artwork from TEKKEN™. ,"Black,Stone,Red,Royal","'https://www.supremenewyork.com/mobile/#products/8968/33364', 'https://www.supremenewyork.com/mobile/#products/8968/33365', 'https://www.supremenewyork.com/mobile/#products/8968/33366', 'https://www.supremenewyork.com/mobile/#products/8968/33367'","Small,Medium,Large,XLarge,XXL","1, 1, 1, 1, 1, 'END OF STOCK FOR Black', 1, 1, 1, 1, 1, 'END OF STOCK FOR Stone', 1, 1, 1, 0, 0, 'END OF STOCK FOR Red', 1, 1, 1, 1, 0, 'END OF STOCK FOR Royal'"
US-NY Hooded Sweatshirt ,8987,https://www.supremenewyork.com/mobile/#products/8987,https://d17ol771963kd3.cloudfront.net/245357/ca/jjVkJPIzRg0.jpg,https://assets.supremenewyork.com/245357/rc/jjVkJPIzRg0.jpg,28600.00,0.00,True,19,Sweatshirts,Brushed-back fleece with pouch pocket. Logo appliqué and embroidered graphic at hood. Graphic appliqué at chest and appliqué stripes at sleeves. ,"Cardinal,Black,Ash Grey,Light Aqua","'https://www.supremenewyork.com/mobile/#products/8987/33409', 'https://www.supremenewyork.com/mobile/#products/8987/33410', 'https://www.supremenewyork.com/mobile/#products/8987/33411', 'https://www.supremenewyork.com/mobile/#products/8987/33412'","Small,Medium,Large,XLarge,XXL","1, 1, 1, 1, 0, 'END OF STOCK FOR Cardinal', 1, 1, 1, 1, 1, 'END OF STOCK FOR Black', 1, 1, 1, 1, 1, 'END OF STOCK FOR Ash Grey', 0, 1, 1, 1, 0, 'END OF STOCK FOR Light Aqua'"
Fire Zip Up Hooded Sweatshirt,8951,https://www.supremenewyork.com/mobile/#products/8951,https://d17ol771963kd3.cloudfront.net/245568/ca/KQ_KWtWyeUI.jpg,https://assets.supremenewyork.com/245568/rc/KQ_KWtWyeUI.jpg,35200.00,0.00,False,20,Sweatshirts,"Brushed-back fleece with printed graphic, pouch pocket and full zip closure. Embroidered logo on chest. Original artwork by Enoc Perez.",Multicolor,'https://www.supremenewyork.com/mobile/#products/8951/33305',"Small,Medium,Large,XLarge,XXL","1, 1, 1, 1, 1, 'END OF STOCK FOR Multicolor'"
Underline Hooded Sweatshirt,8966,https://www.supremenewyork.com/mobile/#products/8966,https://d17ol771963kd3.cloudfront.net/245285/ca/UEOadujWHaU.jpg,https://assets.supremenewyork.com/245285/rc/UEOadujWHaU.jpg,28600.00,0.00,False,22,Sweatshirts,Heavyweight crossgrain brushed-back fleece with pouch pocket. Printed logo on chest.,"Heather Grey,Washed Royal,Bright Orange,White,Pale Yellow,Black,Light Olive","'https://www.supremenewyork.com/mobile/#products/8966/33356', 'https://www.supremenewyork.com/mobile/#products/8966/33357', 'https://www.supremenewyork.com/mobile/#products/8966/33358', 'https://www.supremenewyork.com/mobile/#products/8966/33359', 'https://www.supremenewyork.com/mobile/#products/8966/33360', 'https://www.supremenewyork.com/mobile/#products/8966/33361', 'https://www.supremenewyork.com/mobile/#products/8966/33362'","Small,Medium,Large,XLarge,XXL","1, 1, 1, 1, 0, 'END OF STOCK FOR Heather Grey', 1, 1, 1, 1, 0, 'END OF STOCK FOR Washed Royal', 1, 1, 1, 0, 0, 'END OF STOCK FOR Bright Orange', 1, 0, 1, 1, 0, 'END OF STOCK FOR White', 0, 1, 1, 1, 0, 'END OF STOCK FOR Pale Yellow', 1, 1, 1, 1, 0, 'END OF STOCK FOR Black', 1, 1, 1, 1, 1, 'END OF STOCK FOR Light Olive'"
Capital Hooded Sweatshirt,8948,https://www.supremenewyork.com/mobile/#products/8948,https://d17ol771963kd3.cloudfront.net/245514/ca/IZ-PIvJr0zA.jpg,https://assets.supremenewyork.com/245514/rc/IZ-PIvJr0zA.jpg,29700.00,0.00,False,23,Sweatshirts,Heavyweight crossgrain brushed-back fleece with rib gussets and pouch pocket. Embroidered twill logo on chest.,"Navy,Dark Brown,Bright Gold,Ash Grey,Dark Aqua,Black,Red","'https://www.supremenewyork.com/mobile/#products/8948/33289', 'https://www.supremenewyork.com/mobile/#products/8948/33290', 'https://www.supremenewyork.com/mobile/#products/8948/33291', 'https://www.supremenewyork.com/mobile/#products/8948/33292', 'https://www.supremenewyork.com/mobile/#products/8948/33293', 'https://www.supremenewyork.com/mobile/#products/8948/33294', 'https://www.supremenewyork.com/mobile/#products/8948/33295'","Small,Medium,Large,XLarge,XXL","0, 0, 0, 0, 0, 'END OF STOCK FOR Navy', 1, 1, 1, 1, 0, 'END OF STOCK FOR Dark Brown', 0, 0, 0, 0, 0, 'END OF STOCK FOR Bright Gold', 1, 1, 1, 1, 1, 'END OF STOCK FOR Ash Grey', 0, 0, 0, 0, 0, 'END OF STOCK FOR Dark Aqua', 1, 1, 1, 1, 0, 'END OF STOCK FOR Black', 0, 0, 0, 0, 0, 'END OF STOCK FOR Red'"
Small Box Crewneck,8870,https://www.supremenewyork.com/mobile/#products/8870,https://d17ol771963kd3.cloudfront.net/245468/ca/H3viNsF_4v4.jpg,https://assets.supremenewyork.com/245468/rc/H3viNsF_4v4.jpg,26400.00,0.00,False,24,Sweatshirts,Heavyweight crossgrain brushed-back fleece with embroidered logo patch on chest.,"Black,Ash Grey,Raspberry,Dark Brown,Bright Orange,Light Slate,Light Olive","'https://www.supremenewyork.com/mobile/#products/8870/33005', 'https://www.supremenewyork.com/mobile/#products/8870/33006', 'https://www.supremenewyork.com/mobile/#products/8870/33007', 'https://www.supremenewyork.com/mobile/#products/8870/33008', 'https://www.supremenewyork.com/mobile/#products/8870/33009', 'https://www.supremenewyork.com/mobile/#products/8870/33010', 'https://www.supremenewyork.com/mobile/#products/8870/33011'","Small,Medium,Large,XLarge,XXL","1, 1, 1, 1, 0, 'END OF STOCK FOR Black', 1, 1, 1, 1, 0, 'END OF STOCK FOR Ash Grey', 1, 1, 1, 1, 0, 'END OF STOCK FOR Raspberry', 1, 1, 1, 1, 1, 'END OF STOCK FOR Dark Brown', 0, 1, 1, 1, 1, 'END OF STOCK FOR Bright Orange', 1, 1, 1, 1, 1, 'END OF STOCK FOR Light Slate', 1, 1, 1, 1, 1, 'END OF STOCK FOR Light Olive'"
Hockey Hooded Sweatshirt,8937,https://www.supremenewyork.com/mobile/#products/8937,https://d17ol771963kd3.cloudfront.net/245387/ca/djrPpvGMmwI.jpg,https://assets.supremenewyork.com/245387/rc/djrPpvGMmwI.jpg,31900.00,0.00,False,25,Sweatshirts,Brushed-back fleece with on seam hand pockets. Tackle twill logo appliqué on chest. Graphic appliqué at sleeves and back.,"Brown,Black,Ash Grey,Royal","'https://www.supremenewyork.com/mobile/#products/8937/33253', 'https://www.supremenewyork.com/mobile/#products/8937/33254', 'https://www.supremenewyork.com/mobile/#products/8937/33255', 'https://www.supremenewyork.com/mobile/#products/8937/33256'","Small,Medium,Large,XLarge,XXL","1, 0, 1, 0, 0, 'END OF STOCK FOR Brown', 1, 1, 1, 1, 0, 'END OF STOCK FOR Black', 1, 1, 1, 1, 0, 'END OF STOCK FOR Ash Grey', 0, 0, 0, 0, 0, 'END OF STOCK FOR Royal'"
S Logo Hooded Sweatshirt,8908,https://www.supremenewyork.com/mobile/#products/8908,https://d17ol771963kd3.cloudfront.net/245416/ca/V1X0gWk57Hs.jpg,https://assets.supremenewyork.com/245416/rc/V1X0gWk57Hs.jpg,29700.00,0.00,False,26,Sweatshirts,Heavyweight crossgrain brushed-back fleece with pouch pocket. Embroidered logos on chest and hood.,"Brown,Royal,Black,Dark Green,Heather Grey,Red","'https://www.supremenewyork.com/mobile/#products/8908/33153', 'https://www.supremenewyork.com/mobile/#products/8908/33154', 'https://www.supremenewyork.com/mobile/#products/8908/33155', 'https://www.supremenewyork.com/mobile/#products/8908/33156', 'https://www.supremenewyork.com/mobile/#products/8908/33157', 'https://www.supremenewyork.com/mobile/#products/8908/33158'","Small,Medium,Large,XLarge,XXL","1, 1, 1, 1, 1, 'END OF STOCK FOR Brown', 0, 0, 0, 0, 0, 'END OF STOCK FOR Royal', 1, 1, 1, 1, 1, 'END OF STOCK FOR Black', 1, 1, 1, 1, 0, 'END OF STOCK FOR Dark Green', 1, 1, 1, 1, 0, 'END OF STOCK FOR Heather Grey', 1, 1, 1, 0, 0, 'END OF STOCK FOR Red'"
Swirl Fleece Camp Cap,8991,https://www.supremenewyork.com/mobile/#products/8991,https://d17ol771963kd3.cloudfront.net/246262/ca/bhkhfU1L0DQ.jpg,https://assets.supremenewyork.com/246262/rc/bhkhfU1L0DQ.jpg,9350.00,0.00,True,50,Hats,Poly fleece Supreme camp cap with reflective webbing strap closure.,"Grey,Blue,Black,Olive","'https://www.supremenewyork.com/mobile/#products/8991/33422', 'https://www.supremenewyork.com/mobile/#products/8991/33423', 'https://www.supremenewyork.com/mobile/#products/8991/33424', 'https://www.supremenewyork.com/mobile/#products/8991/33425'",N/A,"0, 'END OF STOCK FOR Grey', 0, 'END OF STOCK FOR Blue', 0, 'END OF STOCK FOR Black', 1, 'END OF STOCK FOR Olive'"
Multi Type Jacquard Denim 6-Panel,8990,https://www.supremenewyork.com/mobile/#products/8990,https://d17ol771963kd3.cloudfront.net/246439/ca/EnfyuVv7MpU.jpg,https://assets.supremenewyork.com/246439/rc/EnfyuVv7MpU.jpg,8800.00,0.00,True,52,Hats,All cotton 14 oz. denim 6-Panel hat with jacquard woven logo pattern and custom debossed leather strap closure. Embroidered logos on front and back.,"Blue,Black,Purple,Brown","'https://www.supremenewyork.com/mobile/#products/8990/33418', 'https://www.supremenewyork.com/mobile/#products/8990/33419', 'https://www.supremenewyork.com/mobile/#products/8990/33420', 'https://www.supremenewyork.com/mobile/#products/8990/33421'",N/A,"1, 'END OF STOCK FOR Blue', 1, 'END OF STOCK FOR Black', 0, 'END OF STOCK FOR Purple', 1, 'END OF STOCK FOR Brown'"
Multi Type Jacquard Denim Crusher,8972,https://www.supremenewyork.com/mobile/#products/8972,https://d17ol771963kd3.cloudfront.net/246709/ca/tddB6Vpw8sQ.jpg,https://assets.supremenewyork.com/246709/rc/tddB6Vpw8sQ.jpg,9900.00,0.00,True,54,Hats,All cotton 14 oz. denim crusher with jacquard woven logo pattern. Embroidered logos on front.,"Black,Blue,Purple,Brown","'https://www.supremenewyork.com/mobile/#products/8972/33374', 'https://www.supremenewyork.com/mobile/#products/8972/33375', 'https://www.supremenewyork.com/mobile/#products/8972/33376', 'https://www.supremenewyork.com/mobile/#products/8972/33377'","S/M,M/L","0, 0, 'END OF STOCK FOR Black', 0, 0, 'END OF STOCK FOR Blue', 0, 0, 'END OF STOCK FOR Purple', 0, 0, 'END OF STOCK FOR Brown'"
Multi Stripe Beanie,8977,https://www.supremenewyork.com/mobile/#products/8977,https://d17ol771963kd3.cloudfront.net/247062/ca/jLUesYEBNSE.jpg,https://assets.supremenewyork.com/247062/rc/jLUesYEBNSE.jpg,5500.00,0.00,True,55,Hats,Acrylic cuffed beanie with embroidered logo on cuff. ,"Yellow,Red,Black,Purple","'https://www.supremenewyork.com/mobile/#products/8977/33386', 'https://www.supremenewyork.com/mobile/#products/8977/33387', 'https://www.supremenewyork.com/mobile/#products/8977/33388', 'https://www.supremenewyork.com/mobile/#products/8977/33389'",N/A,"0, 'END OF STOCK FOR Yellow', 0, 'END OF STOCK FOR Red', 0, 'END OF STOCK FOR Black', 0, 'END OF STOCK FOR Purple'"
Supreme®/Yohji Yamamoto® Beanie,8970,https://www.supremenewyork.com/mobile/#products/8970,https://d17ol771963kd3.cloudfront.net/248912/ca/pHBbPTf8Hms.jpg,https://assets.supremenewyork.com/248912/rc/pHBbPTf8Hms.jpg,7150.00,0.00,True,56,Hats,Acrylic beanie with jacquard knit logos at front and back.,"Black,Olive","'https://www.supremenewyork.com/mobile/#products/8970/33370', 'https://www.supremenewyork.com/mobile/#products/8970/33371'",N/A,"1, 'END OF STOCK FOR Black', 1, 'END OF STOCK FOR Olive'"
Military Camp Cap,8958,https://www.supremenewyork.com/mobile/#products/8958,https://d17ol771963kd3.cloudfront.net/246324/ca/ZE4qPS3_IYQ.jpg,https://assets.supremenewyork.com/246324/rc/ZE4qPS3_IYQ.jpg,8800.00,0.00,False,51,Hats,All cotton Supreme camp cap with embroidered graphic on side. ,"Branch Olive Camo,Yellow,Black,Brown,Light Blue","'https://www.supremenewyork.com/mobile/#products/8958/33326', 'https://www.supremenewyork.com/mobile/#products/8958/33327', 'https://www.supremenewyork.com/mobile/#products/8958/33328', 'https://www.supremenewyork.com/mobile/#products/8958/33329', 'https://www.supremenewyork.com/mobile/#products/8958/33330'",N/A,"1, 'END OF STOCK FOR Branch Olive Camo', 0, 'END OF STOCK FOR Yellow', 1, 'END OF STOCK FOR Black', 1, 'END OF STOCK FOR Brown', 1, 'END OF STOCK FOR Light Blue'"
Webbing Crusher,8932,https://www.supremenewyork.com/mobile/#products/8932,https://d17ol771963kd3.cloudfront.net/246818/ca/2O0wM3O7z1k.jpg,https://assets.supremenewyork.com/246818/rc/2O0wM3O7z1k.jpg,9900.00,0.00,False,53,Hats,Water resistant Supplex® nylon taslan crusher with woven logo taping at crown.,"Olive,Pale Blue,Stone,Red,Black","'https://www.supremenewyork.com/mobile/#products/8932/33237', 'https://www.supremenewyork.com/mobile/#products/8932/33238', 'https://www.supremenewyork.com/mobile/#products/8932/33239', 'https://www.supremenewyork.com/mobile/#products/8932/33240', 'https://www.supremenewyork.com/mobile/#products/8932/33241'","S/M,M/L","1, 1, 'END OF STOCK FOR Olive', 1, 1, 'END OF STOCK FOR Pale Blue', 1, 1, 'END OF STOCK FOR Stone', 0, 0, 'END OF STOCK FOR Red', 0, 0, 'END OF STOCK FOR Black'"
Sponsors 6-Panel,8962,https://www.supremenewyork.com/mobile/#products/8962,https://d17ol771963kd3.cloudfront.net/246482/ca/Pzf_I2n9hss.jpg,https://assets.supremenewyork.com/246482/rc/Pzf_I2n9hss.jpg,8800.00,0.00,False,57,Hats,All cotton chino twill 6-Panel hat with self strap closure. Embroidered graphics on crown and embroidered logo on back. Jacquard logo taping at visor. ,"Black,Khaki,Red,Teal","'https://www.supremenewyork.com/mobile/#products/8962/33342', 'https://www.supremenewyork.com/mobile/#products/8962/33343', 'https://www.supremenewyork.com/mobile/#products/8962/33344', 'https://www.supremenewyork.com/mobile/#products/8962/33345'",N/A,"1, 'END OF STOCK FOR Black', 1, 'END OF STOCK FOR Khaki', 1, 'END OF STOCK FOR Red', 1, 'END OF STOCK FOR Teal'"
Washed Cordura® Camp Cap,8950,https://www.supremenewyork.com/mobile/#products/8950,https://d17ol771963kd3.cloudfront.net/246087/ca/znYQiS5T_4s.jpg,https://assets.supremenewyork.com/246087/rc/znYQiS5T_4s.jpg,9350.00,0.00,False,58,Hats,Coated Cordura® polyamide Supreme camp cap. Embroidered logo on side. ,"Coral,Black,Rust,Royal,Dark Green","'https://www.supremenewyork.com/mobile/#products/8950/33300', 'https://www.supremenewyork.com/mobile/#products/8950/33301', 'https://www.supremenewyork.com/mobile/#products/8950/33302', 'https://www.supremenewyork.com/mobile/#products/8950/33303', 'https://www.supremenewyork.com/mobile/#products/8950/33304'",N/A,"1, 'END OF STOCK FOR Coral', 1, 'END OF STOCK FOR Black', 1, 'END OF STOCK FOR Rust', 1, 'END OF STOCK FOR Royal', 1, 'END OF STOCK FOR Dark Green'"
Classic Team 5-Panel,8910,https://www.supremenewyork.com/mobile/#products/8910,https://d17ol771963kd3.cloudfront.net/246609/ca/MNEfChPip-c.jpg,https://assets.supremenewyork.com/246609/rc/MNEfChPip-c.jpg,8250.00,0.00,False,59,Hats,Cotton blend twill 5-Panel hat with snap closure. Embroidered logos on front and back.,"Green,Black,Red,Brown,Navy,White","'https://www.supremenewyork.com/mobile/#products/8910/33161', 'https://www.supremenewyork.com/mobile/#products/8910/33162', 'https://www.supremenewyork.com/mobile/#products/8910/33163', 'https://www.supremenewyork.com/mobile/#products/8910/33164', 'https://www.supremenewyork.com/mobile/#products/8910/33165', 'https://www.supremenewyork.com/mobile/#products/8910/33166'",N/A,"1, 'END OF STOCK FOR Green', 1, 'END OF STOCK FOR Black', 0, 'END OF STOCK FOR Red', 1, 'END OF STOCK FOR Brown', 1, 'END OF STOCK FOR Navy', 0, 'END OF STOCK FOR White'"
Washed Chino Twill Camp Cap,8858,https://www.supremenewyork.com/mobile/#products/8858,https://d17ol771963kd3.cloudfront.net/246315/ca/yIcixcpLszc.jpg,https://assets.supremenewyork.com/246315/rc/yIcixcpLszc.jpg,8800.00,0.00,False,60,Hats,All cotton chino twill Supreme camp cap with custom debossed leather strap closure.,"Zebra,Navy,Green,Dark Purple,Brown,Denim,Black,Orange","'https://www.supremenewyork.com/mobile/#products/8858/32952', 'https://www.supremenewyork.com/mobile/#products/8858/32953', 'https://www.supremenewyork.com/mobile/#products/8858/32954', 'https://www.supremenewyork.com/mobile/#products/8858/32955', 'https://www.supremenewyork.com/mobile/#products/8858/32956', 'https://www.supremenewyork.com/mobile/#products/8858/32957', 'https://www.supremenewyork.com/mobile/#products/8858/32958', 'https://www.supremenewyork.com/mobile/#products/8858/32959'",N/A,"0, 'END OF STOCK FOR Zebra', 0, 'END OF STOCK FOR Navy', 0, 'END OF STOCK FOR Green', 0, 'END OF STOCK FOR Dark Purple', 0, 'END OF STOCK FOR Brown', 0, 'END OF STOCK FOR Denim', 1, 'END OF STOCK FOR Black', 0, 'END OF STOCK FOR Orange'"
S Logo New Era®,8894,https://www.supremenewyork.com/mobile/#products/8894,https://d17ol771963kd3.cloudfront.net/246033/ca/qIR0vD57nCI.jpg,https://assets.supremenewyork.com/246033/rc/qIR0vD57nCI.jpg,8800.00,0.00,False,61,Hats,"Poly New Era® 59FIFTY baseball hat with embroideries on front, side and back. ","Black,Royal,Brown,Green,Red,Grey","'https://www.supremenewyork.com/mobile/#products/8894/33105', 'https://www.supremenewyork.com/mobile/#products/8894/33106', 'https://www.supremenewyork.com/mobile/#products/8894/33107', 'https://www.supremenewyork.com/mobile/#products/8894/33108', 'https://www.supremenewyork.com/mobile/#products/8894/33109', 'https://www.supremenewyork.com/mobile/#products/8894/33110'","7-1/8,7-1/4,7-3/8,7-1/2,7-5/8,7-3/4,8","0, 1, 1, 1, 1, 0, 0, 'END OF STOCK FOR Black', 0, 1, 0, 0, 0, 0, 0, 'END OF STOCK FOR Royal', 1, 0, 1, 1, 1, 0, 0, 'END OF STOCK FOR Brown', 1, 0, 1, 1, 1, 0, 0, 'END OF STOCK FOR Green', 0, 0, 0, 0, 0, 0, 0, 'END OF STOCK FOR Red', 0, 0, 0, 0, 0, 0, 0, 'END OF STOCK FOR Grey'"
Aluminum Domino Set,8986,https://www.supremenewyork.com/mobile/#products/8986,https://d17ol771963kd3.cloudfront.net/247327/ca/x3xutnuv7Zg.jpg,https://assets.supremenewyork.com/247327/rc/x3xutnuv7Zg.jpg,27500.00,0.00,True,70,Accessories,Anodized aluminum jumbo dominoes with etched logo. Sold as a set of 28. ,Red,'https://www.supremenewyork.com/mobile/#products/8986/33408',N/A,"0, 'END OF STOCK FOR Red'"
Repeat Engraved Zippo,8980,https://www.supremenewyork.com/mobile/#products/8980,https://d17ol771963kd3.cloudfront.net/247334/ca/6AyUX4UXxRo.jpg,https://assets.supremenewyork.com/247334/rc/6AyUX4UXxRo.jpg,16500.00,0.00,True,73,Accessories,Zippo with engraved logo pattern. Made exclusively for Supreme.,"Gold,Silver","'https://www.supremenewyork.com/mobile/#products/8980/33393', 'https://www.supremenewyork.com/mobile/#products/8980/33394'",N/A,"0, 'END OF STOCK FOR Gold', 0, 'END OF STOCK FOR Silver'"
Supreme®/Pat McGrath Labs <br>Nail Polish (Set of 3),8967,https://www.supremenewyork.com/mobile/#products/8967,https://d17ol771963kd3.cloudfront.net/248462/ca/f1GKpvYAcps.jpg,https://assets.supremenewyork.com/248462/rc/f1GKpvYAcps.jpg,18700.00,0.00,False,72,Accessories,"Long lasting, high-shine nail polish. Sold as a set of three 0.5 oz shades. Includes custom logo nail decals. Made exclusively for Supreme.",Multicolor,'https://www.supremenewyork.com/mobile/#products/8967/33363',N/A,"1, 'END OF STOCK FOR Multicolor'"
Supreme®/Hanes® Tagless Tees (3 Pack),8919,https://www.supremenewyork.com/mobile/#products/8919,https://d17ol771963kd3.cloudfront.net/247724/ca/06flCXqRP5I.jpg,https://assets.supremenewyork.com/247724/rc/06flCXqRP5I.jpg,6600.00,0.00,False,74,Accessories,All cotton classic Hanes® crewneck tee with stamped logo on lower front.,"White,Black","'https://www.supremenewyork.com/mobile/#products/8919/33193', 'https://www.supremenewyork.com/mobile/#products/8919/33194'","Small,Medium,Large,XLarge,XXL","1, 1, 1, 1, 1, 'END OF STOCK FOR White', 1, 1, 1, 1, 1, 'END OF STOCK FOR Black'"
Supreme®/Hanes® Boxer Briefs (4 Pack),8909,https://www.supremenewyork.com/mobile/#products/8909,https://d17ol771963kd3.cloudfront.net/247738/ca/_tun_EOrcwM.jpg,https://assets.supremenewyork.com/247738/rc/_tun_EOrcwM.jpg,7700.00,0.00,False,76,Accessories,All cotton classic Hanes® boxer brief.,"White,Black","'https://www.supremenewyork.com/mobile/#products/8909/33159', 'https://www.supremenewyork.com/mobile/#products/8909/33160'","Small,Medium,Large,XLarge,XXL","1, 1, 1, 1, 1, 'END OF STOCK FOR White', 1, 1, 1, 1, 1, 'END OF STOCK FOR Black'"
Supreme®/Hanes® Crew Socks (4 Pack),8927,https://www.supremenewyork.com/mobile/#products/8927,https://d17ol771963kd3.cloudfront.net/247742/ca/h8iZc0Wh6Do.jpg,https://assets.supremenewyork.com/247742/rc/h8iZc0Wh6Do.jpg,4400.00,0.00,False,78,Accessories,Cotton blend Hanes® cushion comfort crew sock with jacquard logo at top.,"White,Black","'https://www.supremenewyork.com/mobile/#products/8927/33220', 'https://www.supremenewyork.com/mobile/#products/8927/33221'",N/A,"1, 'END OF STOCK FOR White', 1, 'END OF STOCK FOR Black'"
Supreme®/Barbera Olive Oil ,8892,https://www.supremenewyork.com/mobile/#products/8892,https://d17ol771963kd3.cloudfront.net/247466/ca/P2darGH2Irw.jpg,https://assets.supremenewyork.com/247466/rc/P2darGH2Irw.jpg,4400.00,0.00,False,79,Accessories,500 ml. Sicilian extra virgin olive oil in custom logo tin. Made exclusively for Supreme.,Multicolor,'https://www.supremenewyork.com/mobile/#products/8892/33097',N/A,"1, 'END OF STOCK FOR Multicolor'"
Supreme®/Yohji Yamamoto®/Dr. Martens® 1461 3-Eye Shoe,8984,https://www.supremenewyork.com/mobile/#products/8984,https://d17ol771963kd3.cloudfront.net/248835/ca/NW_eNO45GKY.jpg,https://assets.supremenewyork.com/248835/rc/NW_eNO45GKY.jpg,27500.00,0.00,True,0,Shoes,Vintage smooth leather upper with printed graphic and AirWair® cushion sole. Printed logos on insole and heel. Made exclusively for Supreme.,"White,Black","'https://www.supremenewyork.com/mobile/#products/8984/33403', 'https://www.supremenewyork.com/mobile/#products/8984/33404'","US 6,US 6.5,US 7,US 7.5,US 8,US 8.5,US 9,US 9.5,US 10,US 10.5,US 11,US 11.5,US 12,US 13","0, 0, 0, 0, 1, 0, 1, 0, 0, 0, 0, 0, 0, 0, 'END OF STOCK FOR White', 0, 0, 1, 0, 1, 0, 0, 0, 0, 0, 0, 0, 0, 0, 'END OF STOCK FOR Black'"
